acid_smiles,amine_smiles,acid_state
Cc1ccc(CC(=O)O)cc1,CC(=O)c1ccc(N)cc1,C
O=C(O)COc1ccccc1,CC(=O)c1ccc(N)cc1,C
COc1ccc(CC(=O)O)cc1,CC(=O)c1ccc(N)cc1,C
O=C(O)Cc1cc(F)cc(F)c1,CC(=O)c1ccc(N)cc1,C
Cc1cc(C)cc(C(=O)O)c1,CC(=O)c1ccc(N)cc1,B
CC(C)Cc1ccc([C@H](C)C(=O)O)cc1,CC(=O)c1ccc(N)cc1,C
CC(C(=O)O)c1ccc(CC2CCCC2=O)cc1,CC(=O)c1ccc(N)cc1,C
O=C(O)c1ccc(C(F)(F)F)cn1,CC(=O)c1ccc(N)cc1,A
O=C(O)C1(c2ccccc2)CC1,CC(=O)c1ccc(N)cc1,C
O=C(O)Cc1ccc(C(F)(F)F)cc1,CC(=O)c1ccc(N)cc1,C
O=C(O)C1c2ccccc2Oc2ccccc21,CC(=O)c1ccc(N)cc1,C
Cc1ccc2cc(C(=O)O)ccc2n1,CC(=O)c1ccc(N)cc1,A
O=C(O)c1ccco1,CC(=O)c1ccc(N)cc1,A
O=C(O)/C=C/c1ccccc1,CC(=O)c1ccc(N)cc1,C
Cn1ccnc1C(=O)O,CC(=O)c1ccc(N)cc1,A
O=C(O)c1ncccn1,CC(=O)c1ccc(N)cc1,A
Cc1ccc(CC(=O)O)cc1,COc1ccc(N)cn1,C
O=C(O)COc1ccccc1,COc1ccc(N)cn1,C
COc1ccc(CC(=O)O)cc1,COc1ccc(N)cn1,C
O=C(O)Cc1cc(F)cc(F)c1,COc1ccc(N)cn1,C
O=C(O)C1(c2ccccc2)CC1,COc1ccc(N)cn1,C
O=C(O)C(c1ccccc1)c1ccccc1,COc1ccc(N)cn1,C
O=C(O)Cc1ccc(C(F)(F)F)cc1,COc1ccc(N)cn1,C
O=C(O)COc1ccccc1,Cc1ccc(Nc2ccccc2)cc1,C
Cc1cc(C)cc(C(=O)O)c1,Cc1ccc(Nc2ccccc2)cc1,B
CC(C)Cc1ccc([C@H](C)C(=O)O)cc1,Cc1ccc(Nc2ccccc2)cc1,C
CC(C(=O)O)c1ccc(CC2CCCC2=O)cc1,Cc1ccc(Nc2ccccc2)cc1,C
Cc1cc(C)c(C(=O)O)c(C)c1,NCc1ccccc1,B
COc1cc(C(=O)O)cc(OC)c1OC,NCc1ccccc1,B
CC(C)(C(=O)O)c1ccccc1,NCc1ccccc1,C
O=C(O)C(c1ccccc1)c1ccccc1,NCc1ccccc1,C
O=C(O)Cc1ccc(C(F)(F)F)cc1,NCc1ccccc1,C
O=C(O)Cc1ccc2c(c1)OCO2,NCc1ccccc1,C
CC(C(=O)O)c1ccc(-c2ccccc2)c(F)c1,NCc1ccccc1,C
O=C(O)C1c2ccccc2Oc2ccccc21,NCc1ccccc1,C
O=C(O)Cc1ccc2c(c1)C(=O)c1ccccc1CO2,NCc1ccccc1,C
O=C(O)c1ccc([N+](=O)[O-])cc1,NCc1ccccc1,B
Cc1cc(C)cc(C(=O)O)c1,NCc1ccc(F)cc1F,B
COc1ccc2cc([C@H](C)C(=O)O)ccc2c1,NCc1ccc(F)cc1F,C
O=C(O)Cc1ccc(C(F)(F)F)cc1,NCc1ccc(F)cc1F,C
CC(C(=O)O)c1ccc(-c2ccccc2)c(F)c1,NCc1ccc(F)cc1F,C
O=C(O)Cc1ccc2c(c1)C(=O)c1ccccc1CO2,NCc1ccc(F)cc1F,C
Cc1ccc2cc(C(=O)O)ccc2n1,NCc1ccc(F)cc1F,A
O=C(O)c1ccco1,NCc1ccc(F)cc1F,A
O=C(O)Cc1c[nH]c2ccccc12,NCc1ccc(F)cc1F,C
O=C(O)COc1ccccc1,Cc1ccc(CN)cc1,C
COc1ccc(CC(=O)O)cc1,Cc1ccc(CN)cc1,C
Cc1cccc(C)c1C(=O)O,Cc1ccc(CN)cc1,B
Cc1cc(C)c(C(=O)O)c(C)c1,Cc1ccc(CN)cc1,B
CC(C)Cc1ccc([C@H](C)C(=O)O)cc1,Cc1ccc(CN)cc1,C
COc1ccc2cc([C@H](C)C(=O)O)ccc2c1,Cc1ccc(CN)cc1,C
CC(C(=O)O)c1ccc(CC2CCCC2=O)cc1,Cc1ccc(CN)cc1,C
O=C(O)C(c1ccccc1)c1ccccc1,Cc1ccc(CN)cc1,C
CC(C(=O)O)c1ccc(-c2ccccc2)c(F)c1,Cc1ccc(CN)cc1,C
O=C(O)C1c2ccccc2Oc2ccccc21,Cc1ccc(CN)cc1,C
O=C(O)Cc1ccc2c(c1)C(=O)c1ccccc1CO2,Cc1ccc(CN)cc1,C
O=C(O)c1ccc([N+](=O)[O-])cc1,Cc1ccc(CN)cc1,B
O=C(O)c1ccco1,Cc1ccc(CN)cc1,A
COc1cc(C(=O)O)cc(OC)c1OC,COc1ccc(CN)cc1,B
Cc1cc(C)cc(C(=O)O)c1,COc1ccc(CN)cc1,B
O=C(O)C1(c2ccccc2)CC1,COc1ccc(CN)cc1,C
CC(C)(C(=O)O)c1ccccc1,COc1ccc(CN)cc1,C
CC(C(=O)O)c1ccc(CC2CCCC2=O)cc1,COc1ccc(CN)cc1,C
O=C(O)C(c1ccccc1)c1ccccc1,COc1ccc(CN)cc1,C
O=C(O)Cc1ccc2c(c1)OCO2,COc1ccc(CN)cc1,C
O=C(O)C1c2ccccc2Oc2ccccc21,COc1ccc(CN)cc1,C
O=C(O)/C=C/c1ccccc1,COc1ccc(CN)cc1,C
Cc1ccc(CC(=O)O)cc1,NCc1ccc2c(c1)OCO2,C
O=C(O)COc1ccccc1,NCc1ccc2c(c1)OCO2,C
O=C(O)c1ccc(C(F)(F)F)cn1,NCc1ccc2c(c1)OCO2,A
Cc1cc(C)cc(C(=O)O)c1,NCc1ccc2c(c1)OCO2,B
O=C(O)c1ccco1,NCc1ccc2c(c1)OCO2,A
O=C(O)/C=C/c1ccccc1,NCc1ccc2c(c1)OCO2,C
Cn1ccnc1C(=O)O,NCc1ccc2c(c1)OCO2,A
O=C(O)c1ncccn1,NCc1ccc2c(c1)OCO2,A
Cc1ccc(CC(=O)O)cc1,NCc1cccc2ccccc12,C
Cc1cc(C)c(C(=O)O)c(C)c1,NCc1cccc2ccccc12,B
CC(C)(C(=O)O)c1ccccc1,NCc1cccc2ccccc12,C
CC(C(=O)O)c1ccc(CC2CCCC2=O)cc1,NCc1cccc2ccccc12,C
O=C(O)C1c2ccccc2Oc2ccccc21,NCc1cccc2ccccc12,C
Cc1ccc(CC(=O)O)cc1,Cc1ccc2cccc(N)c2n1,C
Cc1cc(C)c(C(=O)O)c(C)c1,Cc1ccc2cccc(N)c2n1,B
COc1cc(C(=O)O)cc(OC)c1OC,Cc1ccc2cccc(N)c2n1,B
CC(C)Cc1ccc([C@H](C)C(=O)O)cc1,Cc1ccc2cccc(N)c2n1,C
Cc1cc(C)cc(C(=O)O)c1,Cc1ccc2cccc(N)c2n1,B
O=C(O)C1(c2ccccc2)CC1,Cc1ccc2cccc(N)c2n1,C
COc1ccc2cc([C@H](C)C(=O)O)ccc2c1,Cc1ccc2cccc(N)c2n1,C
O=C(O)C(c1ccccc1)c1ccccc1,Cc1ccc2cccc(N)c2n1,C
O=C(O)Cc1ccc(C(F)(F)F)cc1,Cc1ccc2cccc(N)c2n1,C
CC(C(=O)O)c1ccc(-c2ccccc2)c(F)c1,Cc1ccc2cccc(N)c2n1,C
CC(C)(C)c1cc(C(=O)O)cc(C(C)(C)C)c1,Cc1ccc2cccc(N)c2n1,B
O=C(O)Cc1ccc2c(c1)C(=O)c1ccccc1CO2,Cc1ccc2cccc(N)c2n1,C
Cc1cc(C)c(C(=O)O)c(C)c1,Cc1cc(C)nc(N)n1,B
COc1cc(C(=O)O)cc(OC)c1OC,Cc1cc(C)nc(N)n1,B
Cc1ccc(CC(=O)O)cc1,NC(c1ccccc1)(c1ccccc1)c1ccccc1,C
O=C(O)C(c1ccccc1)c1ccccc1,Nc1ccc2scnc2c1,C
O=C(O)Cc1cc(F)cc(F)c1,Nc1ccc2scnc2c1,C
O=C(O)Cc1ccc2c(c1)OCO2,Nc1ccc2scnc2c1,C
O=C(O)Cc1ccc2c(c1)C(=O)c1ccccc1CO2,Nc1ccc2scnc2c1,C
Cc1ccc(CC(=O)O)cc1,Cc1ccc(S(N)(=O)=O)cc1,C
O=C(O)C(c1ccccc1)c1ccccc1,Cc1ccc(S(N)(=O)=O)cc1,C
O=C(O)Cc1cc(F)cc(F)c1,Cc1ccc(S(N)(=O)=O)cc1,C
O=C(O)Cc1ccc2c(c1)OCO2,Cc1ccc(S(N)(=O)=O)cc1,C
O=C(O)C(c1ccccc1)c1ccccc1,Nc1ccc(F)nc1,C
O=C(O)Cc1cc(F)cc(F)c1,Nc1ccc(F)nc1,C
O=C(O)Cc1ccc2c(c1)OCO2,Nc1ccc(F)nc1,C
Cc1ccc(CC(=O)O)cc1,Nc1nccc(Cl)n1,C
O=C(O)C(c1ccccc1)c1ccccc1,Nc1nccc(Cl)n1,C
O=C(O)Cc1cc(F)cc(F)c1,Nc1nccc(Cl)n1,C
O=C(O)C1c2ccccc2Oc2ccccc21,Nc1nccc(Cl)n1,C
Cc1ccc2cc(C(=O)O)ccc2n1,Nc1nccc(Cl)n1,A
O=C(O)COc1ccccc1,Cc1cc(C)c(N)c([N+](=O)[O-])c1,C
O=C(O)C(c1ccccc1)c1ccccc1,Cc1cc(C)c(N)c([N+](=O)[O-])c1,C
O=C(O)Cc1ccc2c(c1)OCO2,Cc1cc(C)c(N)c([N+](=O)[O-])c1,C
Cc1ccc2cc(C(=O)O)ccc2n1,Cc1cc(C)c(N)c([N+](=O)[O-])c1,A
Cc1ccc(CC(=O)O)cc1,Nc1ccncc1[N+](=O)[O-],C
O=C(O)Cc1ccc2c(c1)OCO2,Nc1ccncc1[N+](=O)[O-],C
O=C(O)C1c2ccccc2Oc2ccccc21,Nc1ccncc1[N+](=O)[O-],C
O=C(O)Cc1ccc2c(c1)C(=O)c1ccccc1CO2,Nc1ccncc1[N+](=O)[O-],C
Cc1ccc(CC(=O)O)cc1,CCOc1cc(N)ccn1,C
O=C(O)COc1ccccc1,CCOc1cc(N)ccn1,C
O=C(O)C1c2ccccc2Oc2ccccc21,CCc1cccc(N)c1,C
O=C(O)COc1ccccc1,Nc1ccc2c(c1)OCCO2,C
O=C(O)C(c1ccccc1)c1ccccc1,Nc1ccc2c(c1)OCCO2,C
O=C(O)Cc1ccc2c(c1)OCO2,Nc1ccc2c(c1)OCCO2,C
O=C(O)C1c2ccccc2Oc2ccccc21,Nc1ccc2c(c1)OCCO2,C
Cc1ccc2cc(C(=O)O)ccc2n1,Nc1ccc2c(c1)OCCO2,A
O=C(O)C(c1ccccc1)c1ccccc1,NCc1ccc(Br)cc1,C
COc1ncc(Br)cc1C(=O)O,C[C@H](N)c1cccc2ccccc12,A
O=C(O)c1ncccn1,C[C@H](N)c1cccc2ccccc12,A
O=C(O)c1ccc2c(c1)OCCO2,C[C@H](N)c1cccc2ccccc12,B
O=C(O)c1cc2ccccc2s1,C[C@H](N)c1cccc2ccccc12,A
O=C(O)c1cc2ccccc2o1,C[C@H](N)c1cccc2ccccc12,A
O=C(O)Cc1ccc2c(c1)OCO2,C[C@H](N)c1cccc2ccccc12,C
O=C(O)c1ccc2c(c1)OCCO2,Cc1ccc(N)nc1,B
O=C(O)c1cc2ccccc2s1,Cc1ccc(N)nc1,A
O=C(O)Cc1ccc2c(c1)OCO2,Cc1ccc(N)nc1,C
O=C(O)Cc1ccc([N+](=O)[O-])cc1,Cc1ccc(N)cc1,C
Cc1cc(C(=O)O)cc(Cl)n1,Cc1ccc(N)cc1,A
O=C(O)c1ncccn1,Cc1ccc(N)cc1,A
Cc1ccc(F)cc1C(=O)O,Cc1ccc(N)cc1,B
O=C(O)C1Cc2ccccc2C1,Cc1ccc(N)cc1,C
O=C(O)c1ccc2nccnc2c1,Cc1ccc(N)cc1,A
O=C(O)c1ccc2c(c1)OCCO2,Cc1ccc(N)cc1,B
O=C(O)c1cc2ccccc2o1,Cc1ccc(N)cc1,A
O=C(O)Cc1ccc2c(c1)OCO2,Cc1ccc(N)cc1,C
Cc1cc(C(=O)O)cc(Cl)n1,COc1ccc(N)cn1,A
O=C(O)c1cnccn1,COc1ccc(N)cn1,A
COc1ncc(Br)cc1C(=O)O,COc1ccc(N)cn1,A
O=C(O)c1ncccn1,COc1ccc(N)cn1,A
Cc1ccc(F)cc1C(=O)O,COc1ccc(N)cn1,B
O=C(O)c1ccc(Br)s1,COc1ccc(N)cn1,A
O=C(O)C1Cc2ccccc2C1,COc1ccc(N)cn1,C
O=C(O)c1cccc(-c2ccccc2)c1,COc1ccc(N)cn1,B
O=C(O)c1cc2ccccc2s1,COc1ccc(N)cn1,A
O=C(O)c1cc2ccccc2o1,COc1ccc(N)cn1,A
O=C(O)c1ncccn1,Cc1ccc2cccc(N)c2n1,A
Cc1ccc(F)cc1C(=O)O,Cc1ccc2cccc(N)c2n1,B
O=C(O)c1ccc(Br)s1,Cc1ccc2cccc(N)c2n1,A
O=C(O)C1Cc2ccccc2C1,Cc1ccc2cccc(N)c2n1,C
O=C(O)c1ccc2nccnc2c1,Cc1ccc2cccc(N)c2n1,A
O=C(O)c1cc2ccccc2s1,Cc1ccc2cccc(N)c2n1,A
O=C(O)Cc1ccc([N+](=O)[O-])cc1,Cc1ccc(CN)cc1,C
COc1ncc(Br)cc1C(=O)O,Cc1ccc(CN)cc1,A
O=C(O)c1ncccn1,Cc1ccc(CN)cc1,A
Cc1ccc(F)cc1C(=O)O,Cc1ccc(CN)cc1,B
O=C(O)C1Cc2ccccc2C1,Cc1ccc(CN)cc1,C
O=C(O)c1ccc2nccnc2c1,Cc1ccc(CN)cc1,A
O=C(O)c1ccc2c(c1)OCCO2,Cc1ccc(CN)cc1,B
O=C(O)c1cc2ccccc2s1,Cc1ccc(CN)cc1,A
Cc1cc(C(=O)O)cc(Cl)n1,NCc1ccc(F)cc1F,A
COc1ncc(Br)cc1C(=O)O,NCc1ccc(F)cc1F,A
O=C(O)c1ncccn1,NCc1ccc(F)cc1F,A
O=C(O)c1cccc(-c2ccccc2)c1,NCc1ccc(F)cc1F,B
O=C(O)c1ccc2nccnc2c1,NCc1ccc(F)cc1F,A
Cc1cc(C(=O)O)cc(Cl)n1,NCc1cccc2ccccc12,A
O=C(O)c1cnccn1,NCc1cccc2ccccc12,A
COc1ncc(Br)cc1C(=O)O,NCc1cccc2ccccc12,A
O=C(O)c1cccc(-c2ccccc2)c1,NCc1cccc2ccccc12,B
O=C(O)c1ccc2nccnc2c1,NCc1cccc2ccccc12,A
O=C(O)c1ccc2c(c1)OCCO2,NCc1cccc2ccccc12,B
O=C(O)c1cc2ccccc2s1,NCc1cccc2ccccc12,A
O=C(O)c1cc2ccccc2o1,NCc1cccc2ccccc12,A
O=C(O)Cc1ccc2c(c1)OCO2,NCc1cccc2ccccc12,C
O=C(O)C1Cc2ccccc2C1,CC(=O)c1ccc(N)cc1,C
Cc1ccc(F)cc1C(=O)O,CC(=O)c1ccc(N)cc1,B
O=C(O)c1cc2ccccc2o1,CC(=O)c1ccc(N)cc1,A
O=C(O)Cc1ccc2c(c1)OCO2,CC(=O)c1ccc(N)cc1,C
O=C(O)Cc1ccc([N+](=O)[O-])cc1,NCc1ccco1,C
O=C(O)C1Cc2ccccc2C1,NCc1ccco1,C
Cc1ccc(F)cc1C(=O)O,NCc1ccco1,B
Cc1ccc(CC(=O)O)cc1,NCc1ccc(Cl)cc1,C
O=C(O)Cc1cc(F)cc(F)c1,NCc1ccc(Cl)cc1,C
Cc1cc(C)c(C(=O)O)c(C)c1,NCc1ccc(Cl)cc1,B
CC(C)(C(=O)O)c1ccccc1,NCc1ccc(Cl)cc1,C
O=C(O)C1c2ccccc2Oc2ccccc21,NCc1ccc(Cl)cc1,C
O=C(O)c1ccco1,NCc1ccc(Cl)cc1,A
O=C(O)/C=C/c1ccccc1,NCc1ccc(Cl)cc1,C
O=C(O)C1Cc2ccccc2C1,NCc1ccc(Cl)cc1,C
O=C(O)c1ccc2nccnc2c1,NCc1ccc(Cl)cc1,A
O=C(O)c1cc2ccccc2s1,NCc1ccc(Cl)cc1,A
Cc1cc(C)c(C(=O)O)c(C)c1,Cc1ccc(Oc2ccc(N)cc2)cc1,B
O=C(O)c1ccc(C(F)(F)F)cn1,Cc1ccc(Oc2ccc(N)cc2)cc1,A
O=C(O)Cc1ccc(C(F)(F)F)cc1,Cc1ccc(Oc2ccc(N)cc2)cc1,C
O=C(O)Cc1ccc2c(c1)OCO2,Cc1ccc(Oc2ccc(N)cc2)cc1,C
O=C(O)Cc1ccc2c(c1)OCO2,Cc1ccc(Cl)c(N)c1,C
O=C(O)C1c2ccccc2Oc2ccccc21,Cc1ccc(Cl)c(N)c1,C
Cc1ccc2cc(C(=O)O)ccc2n1,Cc1ccc(Cl)c(N)c1,A
O=C(O)Cc1ccc([N+](=O)[O-])cc1,Cc1ccc(Cl)c(N)c1,C
Cc1ccc(F)cc1C(=O)O,Cc1ccc(Cl)c(N)c1,B
O=C(O)c1ccc(Br)s1,Cc1ccc(Cl)c(N)c1,A
O=C(O)c1ccc2nccnc2c1,Cc1ccc(Cl)c(N)c1,A
O=C(O)Cc1cc(F)cc(F)c1,NCc1ccccc1C(F)(F)F,C
O=C(O)C(c1ccccc1)c1ccccc1,NCc1ccccc1C(F)(F)F,C
O=C(O)Cc1ccc2c(c1)C(=O)c1ccccc1CO2,NCc1ccccc1C(F)(F)F,C
COc1ncc(Br)cc1C(=O)O,NCc1ccccc1C(F)(F)F,A
O=C(O)Cc1ccc([N+](=O)[O-])cc1,NCc1ccccc1C(F)(F)F,C
Cc1ccc(F)cc1C(=O)O,NCc1ccccc1C(F)(F)F,B
O=C(O)c1ccc(Br)s1,NCc1ccccc1C(F)(F)F,A
O=C(O)c1cccc(-c2ccccc2)c1,NCc1ccccc1C(F)(F)F,B
O=C(O)c1ccc2nccnc2c1,NCc1ccccc1C(F)(F)F,A
O=C(O)Cc1ccc([N+](=O)[O-])cc1,NC1CCCCC1,C
O=C(O)Cc1cc(F)cc(F)c1,C#CC(C)(C)N,C
O=C(O)Cc1ccc([N+](=O)[O-])cc1,C#CC(C)(C)N,C
Cc1ccc(F)cc1C(=O)O,C#CC(C)(C)N,B
O=C(O)C(c1ccccc1)c1ccccc1,C#CC(C)(C)N,C
O=C(O)Cc1ccc(C(F)(F)F)cc1,C#CC(C)(C)N,C
O=C(O)Cc1ccc2c(c1)C(=O)c1ccccc1CO2,C#CC(C)(C)N,C
O=C(O)Cc1cc(F)cc(F)c1,COC(=O)c1cc(F)ccc1N,C
O=C(O)C(c1ccccc1)c1ccccc1,COC(=O)c1cc(F)ccc1N,C
O=C(O)Cc1ccc([N+](=O)[O-])cc1,NCC1CC1,C
O=C(O)COc1ccccc1,COc1ccc(N)cc1OC,C
O=C(O)Cc1cc(F)cc(F)c1,COc1ccc(N)cc1OC,C
O=C(O)Cc1ccc(C(F)(F)F)cc1,COc1ccc(N)cc1OC,C
O=C(O)Cc1ccc2c(c1)OCO2,Nc1ccc([N+](=O)[O-])cn1,C
O=C(O)Cc1ccc([N+](=O)[O-])cc1,Nc1ccc([N+](=O)[O-])cn1,C
Cn1ccnc1C(=O)O,Nc1ccc([N+](=O)[O-])cn1,A
O=C(O)C1CCN(C(=O)OCc2ccccc2)CC1,Cc1ccc(N)cc1,C
Cc1c(C(=O)O)oc2ccccc12,Cc1ccc2cccc(N)c2n1,A
O=C(O)[C@@H]1C[C@H]1c1ccccc1,Cc1ccc2cccc(N)c2n1,C
O=C(O)c1ccc(F)cn1,Cc1ccc2cccc(N)c2n1,A
O=C(O)c1c[nH]c2ncccc12,COc1ccc(N)cc1OC,A
O=C(O)[C@@H]1C[C@H]1c1ccccc1,COc1ccc(N)cc1OC,C
O=C(O)c1ccc(F)cn1,COc1ccc(N)cc1OC,A
O=C(O)c1cc(Cl)cc(Cl)n1,COc1ccc(N)cc1OC,A
O=C(O)[C@@H]1C[C@H]1c1ccccc1,Cc1ccc(Oc2ccc(N)cc2)cc1,C
O=C(O)c1ccc(F)cn1,Cc1ccc(Oc2ccc(N)cc2)cc1,A
O=C(O)C1CCC(F)(F)CC1,Cc1ccc(Oc2ccc(N)cc2)cc1,C
O=C(O)C1CCCN1C(=O)OCc1ccccc1,Cc1ccc(Oc2ccc(N)cc2)cc1,C
Cc1c(C(=O)O)oc2ccccc12,NCc1ccc(Br)cc1,A
O=C(O)C1CCN(C(=O)OCc2ccccc2)CC1,NCc1ccc(Br)cc1,C
O=C(O)[C@@H]1C[C@H]1c1ccccc1,NCc1ccc2c(c1)OCO2,C
O=C(O)C1CCC(F)(F)CC1,NCc1ccc2c(c1)OCO2,C
O=C(O)C1CCCN1C(=O)OCc1ccccc1,NCc1ccc2c(c1)OCO2,C
O=C(O)C1CCN(C(=O)OCc2ccccc2)CC1,NCc1ccc2c(c1)OCO2,C
CC(C)(C)OC(=O)N1CC2(CC2)C[C@H]1C(=O)O,COc1ccc(N)cn1,C
O=C(O)c1ccc(F)cn1,COc1ccc(N)cn1,A
O=C(O)C1CCCN1C(=O)OCc1ccccc1,COc1ccc(N)cn1,C
O=C(O)C1CN(C(=O)OCc2ccccc2)C1,COc1ccc(N)cn1,C
CC(C)(C)OC(=O)N1CC2(CC2)C[C@H]1C(=O)O,Nc1ccc([N+](=O)[O-])cn1,C
Cc1c(C(=O)O)oc2ccccc12,Nc1ccc([N+](=O)[O-])cn1,A
O=C(O)c1cc(Cl)cc(Cl)n1,Nc1ccc([N+](=O)[O-])cn1,A
O=C(O)C1CCC(F)(F)CC1,Nc1ccc([N+](=O)[O-])cn1,C
O=C(O)C1CCCN1C(=O)OCc1ccccc1,Nc1ccc([N+](=O)[O-])cn1,C
O=C(O)COc1ccccc1,COc1ccc(CC(C)=O)cc1S(N)(=O)=O,C
COc1ncc(Br)cc1C(=O)O,COc1ccc(CC(C)=O)cc1S(N)(=O)=O,A
O=C(O)c1ccnc(C(F)(F)F)c1,Cc1ccccc1S(N)(=O)=O,A
CC(C(=O)O)c1ccc(-c2ccccc2)c(F)c1,Cc1ccc([N+](=O)[O-])cc1N,C
Cc1cc(C)c(C(=O)O)c(C)c1,Cc1ccc([N+](=O)[O-])cc1N,B
O=C(O)Cc1ccc2c(c1)C(=O)c1ccccc1CO2,Cc1ccc([N+](=O)[O-])cc1N,C
Cc1ccc(C(=O)O)c2ccccc12,Cc1ccc([N+](=O)[O-])cc1N,B
O=C(O)c1cnc(Cl)nc1,Cc1ccc([N+](=O)[O-])cc1N,A
Cc1ccc(C(=O)O)cc1,Cc1ccc([N+](=O)[O-])cc1N,B
O=C(O)COc1ccccc1,Nc1ccc2nccnc2c1,C
COc1ccc(CC(=O)O)cc1,Nc1ccc2nccnc2c1,C
O=C(O)c1ccc(C(F)(F)F)cn1,Nc1ccc2nccnc2c1,A
Cc1cc(C(=O)O)cc(Cl)n1,Nc1ccc2nccnc2c1,A
O=C(O)C1c2ccccc2Oc2ccccc21,Nc1ccc2nccnc2c1,C
O=C(O)c1cc2ccccc2s1,Nc1ccc2nccnc2c1,A
O=C(O)c1ccnc(C(F)(F)F)c1,Nc1ccc2nccnc2c1,A
O=C(O)Cc1cc(F)cc(F)c1,Nc1ccc2nccnc2c1,C
O=C(O)COc1ccccc1,COc1ccc(N)cc1C,C
Cc1cc(C(=O)O)cc(Cl)n1,COc1ccc(N)cc1C,A
COc1ncc(Br)cc1C(=O)O,COc1ccc(N)cc1C,A
O=C(O)c1ncccn1,COc1ccc(N)cc1C,A
O=C(O)c1cc2ccccc2o1,COc1ccc(N)cc1C,A
O=C(O)c1ccc2c(c1)OC(F)(F)O2,COc1ccc(N)cc1C,B
O=C(O)c1cc2ccccc2s1,CCOC(=O)c1cccc(N)c1,A
Cn1cc(C(=O)O)c(C(F)F)n1,CCOC(=O)c1cccc(N)c1,A
Cc1cc(C)c(C(=O)O)c(C)c1,COc1ccc(N)cc1C,B
Cc1ccc(F)cc1C(=O)O,COc1ccc(N)cc1C,B
O=C(O)Cc1ccc2c(c1)C(=O)c1ccccc1CO2,COc1ccc(N)cc1C,C
CC(C)(C(=O)O)c1ccccc1,COc1ccc(N)cc1C,C
Cc1cc(C)cc(C(=O)O)c1,COc1ccc(N)cc1C,B
Cc1ccc(C(=O)O)c2ccccc12,COc1ccc(N)cc1C,B
O=C(O)Cc1cc(F)cc(F)c1,COc1ccc(N)cc1C,C
Cc1ccc(C(=O)O)cc1,COc1ccc(N)cc1C,B
Cc1ccc(C(=O)O)c2ccccc12,CCOC(=O)c1cccc(N)c1,B
O=C(O)COc1ccccc1,COc1ccc(N)cc1,C
O=C(O)c1cc2ccccc2o1,COc1ccc(N)cc1,A
O=C(O)c1ccc(F)cn1,COc1ccc(N)cc1,A
O=C(O)c1cc(Cl)cc(Cl)n1,COc1ccc(N)cc1,A
O=C(O)c1ccc2c(c1)OC(F)(F)O2,COc1ccc(N)cc1,B
Cn1cc(C(=O)O)c(C(F)F)n1,COc1ccc(N)cc1,A
Cc1cccc(C)c1C(=O)O,COc1ccc(N)cc1,B
Cc1cc(C)c(C(=O)O)c(C)c1,COc1ccc(N)cc1,B
CC(C)(C(=O)O)c1ccccc1,COc1ccc(N)cc1,C
Cc1cc(C)cc(C(=O)O)c1,COc1ccc(N)cc1,B
O=C(O)c1cnc(Cl)nc1,COc1ccc(N)cc1,A
Cc1cc(C)c(C(=O)O)c(C)c1,NCc1ccc(F)cc1,B
COc1ccc2cc([C@H](C)C(=O)O)ccc2c1,NCc1ccc(F)cc1,C
O=C(O)Cc1ccc2c(c1)C(=O)c1ccccc1CO2,NCc1ccc(F)cc1,C
Cc1cc(C)cc(C(=O)O)c1,NCc1ccc(F)cc1,B
O=C(O)Cc1ccc([N+](=O)[O-])cc1,NCc1ccc(F)cc1,C
Cc1ccc(C(=O)O)c2ccccc12,NCc1ccc(F)cc1,B
CC(C(=O)O)c1ccc(-c2ccccc2)c(F)c1,NCc1ccc(F)cc1,C
O=C(O)c1ccccc1Cc1ccccc1,CC(=O)c1ccc(N)cc1,B
COc1ncc(Br)cc1C(=O)O,CC(=O)c1ccc(N)cc1,A
O=C(O)c1ccc([N+](=O)[O-])s1,CC(=O)c1ccc(N)cc1,A
Cc1c(C(=O)O)oc2ccccc12,CC(=O)c1ccc(N)cc1,A
CC1(C)C(C(=O)O)C1(C)C,CC(=O)c1ccc(N)cc1,C
O=C(O)[C@@H]1C[C@H]1c1ccccc1,CC(=O)c1ccc(N)cc1,C
CC(C)(C)OC(=O)N1CC2(CC2)C[C@H]1C(=O)O,CC(=O)c1ccc(N)cc1,C
O=C(O)C1CCCN1C(=O)OCc1ccccc1,CC(=O)c1ccc(N)cc1,C
CC(C)(C)OC(=O)N1CCC[C@H]1C(=O)O,CC(=O)c1ccc(N)cc1,C
O=C(O)C1CCN(C(=O)OCc2ccccc2)CC1,CC(=O)c1ccc(N)cc1,C
O=C(O)c1ccc2c(c1)OCCO2,CC(=O)c1ccc(N)cc1,B
O=C(O)c1ccc2nccnc2c1,COC(=O)c1cc(F)ccc1N,A
O=C(O)c1cnc(Cl)nc1,COC(=O)c1cc(F)ccc1N,A
CC(C)(C)OC(=O)N1CC2(CC2)C[C@H]1C(=O)O,COC(=O)c1cc(F)ccc1N,C
O=C(O)c1ccc2c(c1)OCCO2,COC(=O)c1cc(F)ccc1N,B
O=C(O)c1ccc(Br)s1,COC(=O)c1cc(F)ccc1N,A
O=C(O)C1CCN(C(=O)OCc2ccccc2)CC1,Cc1cc(N)ccn1,C
COc1ccc(CC(=O)O)cc1,C[C@@H](N)c1ccccc1,C
O=C(O)Cc1cc(F)cc(F)c1,C[C@@H](N)c1ccccc1,C
CC(C)(C)c1cc(C(=O)O)cc(C(C)(C)C)c1,C[C@@H](N)c1ccccc1,B
O=C(O)Cc1ccc2c(c1)OCO2,C[C@@H](N)c1ccccc1,C
O=C(O)c1ccco1,C[C@@H](N)c1ccccc1,A
O=C(O)c1cnccn1,C[C@@H](N)c1ccccc1,A
O=C(O)c1ncccn1,C[C@@H](N)c1ccccc1,A
O=C(O)c1cc2ccccc2s1,C[C@@H](N)c1ccccc1,A
O=C(O)c1cc(Cl)cc(Cl)n1,C[C@@H](N)c1ccccc1,A
CC(C)(C)OC(=O)N1CC2(CC2)C[C@H]1C(=O)O,C[C@@H](N)c1ccccc1,C
CC(C)(C)OC(=O)N1CCC[C@H]1C(=O)O,C[C@@H](N)c1ccccc1,C
Cc1ccc(C(=O)O)cc1F,C[C@@H](N)c1ccccc1,B
O=C(O)COc1ccccc1,NC1CCc2ccccc21,C
Cc1cc(C)c(C(=O)O)c(C)c1,NC1CCc2ccccc21,B
Cc1ccc2cc(C(=O)O)ccc2n1,NC1CCc2ccccc21,A
O=C(O)c1cnccn1,NC1CCc2ccccc21,A
O=C(O)c1ccc2nccnc2c1,NC1CCc2ccccc21,A
O=C(O)c1ccc(F)cn1,NC1CCc2ccccc21,A
Cc1cc(C)c(C(=O)O)c(C)c1,CC(C)Nc1ccccc1,B
O=C(O)c1ccc(C(F)(F)F)cn1,CC(C)Nc1ccccc1,A
O=C(O)c1ccccc1Cc1ccccc1,CC(C)Nc1ccccc1,B
CC(C)(C)c1cc(C(=O)O)cc(C(C)(C)C)c1,CC(C)Nc1ccccc1,B
O=C(O)Cc1ccc2c(c1)C(=O)c1ccccc1CO2,CC(C)Nc1ccccc1,C
O=C(O)c1cnccn1,CC(C)Nc1ccccc1,A
COc1ncc(Br)cc1C(=O)O,CC(C)Nc1ccccc1,A
O=C(O)C1Cc2ccccc2C1,CC(C)Nc1ccccc1,C
CC1(C)C(C(=O)O)C1(C)C,CC(C)Nc1ccccc1,C
O=C(O)[C@@H]1C[C@H]1c1ccccc1,CC(C)Nc1ccccc1,C
O=C(O)c1cnc(Cl)nc1,CC(C)Nc1ccccc1,A
O=C(O)C1CCCN1C(=O)OCc1ccccc1,CC(C)Nc1ccccc1,C
CC(C)(C)OC(=O)N1CCC[C@H]1C(=O)O,CC(C)Nc1ccccc1,C
Cc1ccc(C(=O)O)cc1F,CC(C)Nc1ccccc1,B
Cc1ccc(CC(=O)O)cc1,CNc1ccc(F)cc1,C
CC(C)(C)c1cc(C(=O)O)cc(C(C)(C)C)c1,CNc1ccc(F)cc1,B
O=C(O)Cc1ccc2c(c1)OCO2,CNc1ccc(F)cc1,C
O=C(O)c1ccco1,CNc1ccc(F)cc1,A
Cc1cc(C(=O)O)cc(Cl)n1,CNc1ccc(F)cc1,A
O=C(O)c1ncccn1,CNc1ccc(F)cc1,A
O=C(O)c1ccc(Br)s1,CNc1ccc(F)cc1,A
Cc1c(C(=O)O)oc2ccccc12,CNc1ccc(F)cc1,A
O=C(O)c1cc(Cl)cc(Cl)n1,CNc1ccc(F)cc1,A
COc1ccc(CC(=O)O)cc1,CNc1ccc(OC)cc1,C
Cc1cccc(C)c1C(=O)O,CNc1ccc(OC)cc1,B
Cc1cc(C)c(C(=O)O)c(C)c1,CNc1ccc(OC)cc1,B
O=C(O)C(c1ccccc1)c1ccccc1,CNc1ccc(OC)cc1,C
O=C(O)C1c2ccccc2Oc2ccccc21,CNc1ccc(OC)cc1,C
Cc1ccc2cc(C(=O)O)ccc2n1,CNc1ccc(OC)cc1,A
O=C(O)c1cnccn1,CNc1ccc(OC)cc1,A
O=C(O)c1ccc([N+](=O)[O-])s1,CNc1ccc(OC)cc1,A
Cc1c(C(=O)O)oc2ccccc12,CNc1ccc(OC)cc1,A
O=C(O)c1cc(Cl)cc(Cl)n1,CNc1ccc(OC)cc1,A
Cc1ccc(CC(=O)O)cc1,CCNc1cccc(C)c1,C
O=C(O)Cc1ccc2c(c1)OCO2,CCNc1cccc(C)c1,C
O=C(O)c1cnccn1,CCNc1cccc(C)c1,A
O=C(O)c1ncccn1,CCNc1cccc(C)c1,A
O=C(O)COc1ccccc1,N#CCCNc1ccccc1,C
COc1ccc(CC(=O)O)cc1,N#CCCNc1ccccc1,C
Cc1ccc(CC(=O)O)cc1,C1COCCN1,C
O=C(O)Cc1ccc2c(c1)OCO2,C1COCCN1,C
Cc1ccc(CC(=O)O)cc1,CCNc1ccccc1,C
Cc1ccc2cc(C(=O)O)ccc2n1,CCNc1ccccc1,A
O=C(O)c1cc(Cl)cc(Cl)n1,CCNc1ccccc1,A
O=C(O)Cc1ccc2c(c1)OCO2,CC1CCCNC1,C
O=C(O)Cc1ccc2c(c1)OCO2,C1CCNC1,C
O=C(O)C(c1ccccc1)c1ccccc1,C1CCNC1,C
Cc1ccc2cc(C(=O)O)ccc2n1,C1CCNC1,A
Cc1ccc(CC(=O)O)cc1,C1CCN(C2CCNCC2)CC1,C
O=C(O)C(c1ccccc1)c1ccccc1,C1CCN(C2CCNCC2)CC1,C
Cc1cc(C)c(C(=O)O)c(C)c1,C1CCC2NCCCC2C1,B
COc1ccc(C(=O)O)cc1,C1CCC2NCCCC2C1,B
O=C(O)C(c1ccccc1)c1ccccc1,CCCCN1CCNCC1,C
COc1ccc(C(=O)O)cc1,CCCCN1CCNCC1,B
Cc1c(C(=O)O)oc2ccccc12,CCCCN1CCNCC1,A
O=C(O)Cc1ccc2c(c1)OCO2,CCNC(C)C,C
O=C(O)C(c1ccccc1)c1ccccc1,CCNC(C)C,C
O=C(O)c1ncccn1,CCNC(C)C,A
Cc1cc(C)c(C(=O)O)c(C)c1,CCCNC,B
O=C(O)Cc1ccc2c(c1)OCO2,CCCNC,C
O=C(O)C(c1ccccc1)c1ccccc1,CCCNC,C
Cc1c(C(=O)O)oc2ccccc12,CCCNC,A
O=C(O)c1cc(Cl)cc(Cl)n1,CCCNC,A
Cc1ccc(CC(=O)O)cc1,COCCN1CCNCC1,C
O=C(O)C(c1ccccc1)c1ccccc1,COCCN1CCNCC1,C
O=C(O)c1cc(Cl)cc(Cl)n1,CC1COCCN1,A
Cc1ccc(CC(=O)O)cc1,CC(C)NC(C)C,C
Cc1ccc2cc(C(=O)O)ccc2n1,CC(C)NC(C)C,A
Cc1ccc(CC(=O)O)cc1,CSc1cccc(N)c1,C
COc1ccc(CC(=O)O)cc1,CSc1cccc(N)c1,C
Cc1ccc2cc(C(=O)O)ccc2n1,CSc1cccc(N)c1,A
Cc1ccc(C(=O)O)cc1F,CSc1cccc(N)c1,B
Cc1cc(C(=O)O)cc(Cl)n1,CSc1cccc(N)c1,A
CC(C)(C(=O)O)c1ccccc1,CSc1cccc(N)c1,C
O=C(O)c1ccc2nccnc2c1,CSc1cccc(N)c1,A
COc1ncc(Br)cc1C(=O)O,CSc1cccc(N)c1,A
O=C(O)COc1ccccc1,COC(=O)c1ccc(N)cc1OC,C
Cc1ccc2cc(C(=O)O)ccc2n1,COC(=O)c1ccc(N)cc1OC,A
COc1cc(C(=O)O)cc(OC)c1OC,COC(=O)c1ccc(N)cc1OC,B
O=C(O)C1c2ccccc2Oc2ccccc21,COC(=O)c1ccc(N)cc1OC,C
Cc1cc(C(=O)O)cc(Cl)n1,COC(=O)c1ccc(N)cc1OC,A
Cc1ccc(C(=O)O)c2ccccc12,COC(=O)c1ccc(N)cc1OC,B
O=C(O)c1ccc2c(c1)OC(F)(F)O2,COC(=O)c1ccc(N)cc1OC,B
Cc1ccc2cc(C(=O)O)ccc2n1,C#Cc1cccc(N)c1,A
COc1cc(C(=O)O)cc(OC)c1OC,C#Cc1cccc(N)c1,B
O=C(O)c1ccc(C(F)(F)F)cn1,C#Cc1cccc(N)c1,A
O=C(O)C1c2ccccc2Oc2ccccc21,C#Cc1cccc(N)c1,C
CC(C)(C(=O)O)c1ccccc1,C#Cc1cccc(N)c1,C
Cc1c(C(=O)O)oc2ccccc12,C#Cc1cccc(N)c1,A
Cc1ccc(C(=O)O)cc1,C#Cc1cccc(N)c1,B
C[C@H](NC(=O)OCc1ccccc1)C(=O)O,C#Cc1cccc(N)c1,C
O=C(O)COc1ccccc1,Cc1cn(-c2cc(N)cc(C(F)(F)F)c2)cn1,C
O=C(O)Cc1ccc2c(c1)OCO2,Cc1cn(-c2cc(N)cc(C(F)(F)F)c2)cn1,C
Cc1cc(C(=O)O)cc(Cl)n1,Cc1cn(-c2cc(N)cc(C(F)(F)F)c2)cn1,A
COc1ncc(Br)cc1C(=O)O,Cc1cn(-c2cc(N)cc(C(F)(F)F)c2)cn1,A
O=C(O)c1ccc(Br)s1,Cc1cn(-c2cc(N)cc(C(F)(F)F)c2)cn1,A
Cc1c(C(=O)O)oc2ccccc12,Cc1cn(-c2cc(N)cc(C(F)(F)F)c2)cn1,A
O=C(O)COc1ccccc1,COC(=O)c1ccc(N)cc1,C
Cc1ccc2cc(C(=O)O)ccc2n1,COC(=O)c1ccc(N)cc1,A
Cc1ccc(C(=O)O)cc1F,COC(=O)c1ccc(N)cc1,B
O=C(O)Cc1ccc2c(c1)OCO2,COC(=O)c1ccc(N)cc1,C
O=C(O)c1ccc(Br)s1,COC(=O)c1ccc(N)cc1,A
O=C(O)c1cccc(-c2ccccc2)c1,COC(=O)c1ccc(N)cc1,B
O=C(O)c1ccc2nccnc2c1,COC(=O)c1ccc(N)cc1,A
CC(C(=O)O)c1ccc(-c2ccccc2)c(F)c1,COC(=O)c1ccc(N)cc1,C
O=C(O)c1ccco1,COC(=O)c1ccc(N)cc1,A
O=C(O)c1cc(Cl)cc(Cl)n1,COC(=O)c1ccc(N)cc1,A
O=C(O)C1CCN(C(=O)OCc2ccccc2)CC1,COC(=O)c1ccc(N)cc1,C
Cc1ccc(C(=O)O)c2ccccc12,COC(=O)c1ccc(N)cc1,B
O=C(O)c1ccc2c(c1)OC(F)(F)O2,COC(=O)c1ccc(N)cc1,B
C[C@H](NC(=O)OCc1ccccc1)C(=O)O,COC(=O)c1ccc(N)cc1,C
Cc1cc(C(=O)O)cc(Cl)n1,Cn1c(N)nc2ccccc21,A
O=C(O)C1CC=CCC1,Cn1c(N)nc2ccccc21,C
O=C(O)c1ccc(F)cn1,Cn1c(N)nc2ccccc21,A
Cn1cc(C(=O)O)c(C(F)F)n1,Cn1c(N)nc2ccccc21,A
O=C(O)COc1ccccc1,Nc1cc(C(F)(F)F)ccc1C(F)(F)F,C
O=C(O)c1ccc(C(F)(F)F)cn1,Nc1cc(C(F)(F)F)ccc1C(F)(F)F,A
COc1ncc(Br)cc1C(=O)O,Nc1cc(C(F)(F)F)ccc1C(F)(F)F,A
O=C(O)Cc1cc(F)cc(F)c1,Nc1cc(C(F)(F)F)ccc1C(F)(F)F,C
O=C(O)c1cc2ccccc2o1,Nc1cc(C(F)(F)F)ccc1C(F)(F)F,A
O=C(O)c1cc(Cl)cc(Cl)n1,Nc1cc(C(F)(F)F)ccc1C(F)(F)F,A
O=C(O)Cc1ccc(C(F)(F)F)cc1,Nc1cc(C(F)(F)F)ccc1C(F)(F)F,C
O=C(O)COc1ccccc1,Nc1ccc(Cl)cc1,C
Cc1cc(C(=O)O)cc(Cl)n1,Nc1ccc(Cl)cc1,A
O=C(O)C1c2ccccc2Oc2ccccc21,Nc1ccc(Cl)cc1,C
Cc1ccc(C(=O)O)cc1F,Nc1ccc(Cl)cc1,B
COc1ccc2cc([C@H](C)C(=O)O)ccc2c1,Nc1ccc(Cl)cc1,C
O=C(O)Cc1ccc2c(c1)OCO2,Nc1ccc(Cl)cc1,C
O=C(O)c1ccc(C(F)(F)F)cn1,Cc1ccc([N+](=O)[O-])cc1N,A
O=C(O)c1cnccn1,Cc1ccc([N+](=O)[O-])cc1N,A
O=C(O)c1ncccn1,Cc1ccc([N+](=O)[O-])cc1N,A
O=C(O)c1cc2ccccc2s1,Cc1ccc([N+](=O)[O-])cc1N,A
O=C(O)c1ccc2c(c1)OC(F)(F)O2,Cc1ccc([N+](=O)[O-])cc1N,B
O=C(O)COc1ccccc1,CNOC,C
O=C(O)Cc1cc(F)cc(F)c1,CNOC,C
Cc1cc(C)c(C(=O)O)c(C)c1,CNOC,B
CC(C)Cc1ccc([C@H](C)C(=O)O)cc1,CNOC,C
Cc1cc(C)cc(C(=O)O)c1,CNOC,B
O=C(O)C1(c2ccccc2)CC1,CNOC,C
COc1ccc2cc([C@H](C)C(=O)O)ccc2c1,CNOC,C
O=C(O)Cc1ccc(C(F)(F)F)cc1,CNOC,C
O=C(O)Cc1ccc2c(c1)OCO2,CNOC,C
CC(C(=O)O)c1ccc(-c2ccccc2)c(F)c1,CNOC,C
N#Cc1ccc(C(=O)O)cc1,CNOC,B
O=C(O)c1ccco1,CNOC,A
O=C(O)/C=C/c1ccccc1,CNOC,C
Cc1cc(C(=O)O)cc(Cl)n1,CNOC,A
COc1ncc(Br)cc1C(=O)O,CNOC,A
Cc1ccc(F)cc1C(=O)O,CNOC,B
O=C(O)c1ccc(Br)s1,CNOC,A
O=C(O)C1Cc2ccccc2C1,CNOC,C
O=C(O)c1cccc(-c2ccccc2)c1,CNOC,B
O=C(O)c1cc2ccccc2s1,CNOC,A
O=C(O)c1cc2ccccc2o1,CNOC,A
COc1ccc(C(=O)O)cc1,CNOC,B
O=C(O)c1ccc([N+](=O)[O-])s1,CNOC,A
Cc1c(C(=O)O)oc2ccccc12,CNOC,A
O=C(O)[C@@H]1C[C@H]1c1ccccc1,CNOC,C
O=C(O)c1cc(Cl)cc(Cl)n1,CNOC,A
O=C(O)c1cnc(Cl)nc1,CNOC,A
O=C(O)C1CCN(C(=O)OCc2ccccc2)CC1,CNOC,C
O=C(O)C1CN(C(=O)OCc2ccccc2)C1,CNOC,C
O=C(O)c1ccncc1Cl,CNOC,A
CC(C(=O)O)c1ccc(CC2CCCC2=O)cc1,CNOC,C
Cc1ccc(C(=O)O)cc1,CNOC,B
O=C(O)c1ccc(-c2ccccc2)cc1,CNOC,B
N#Cc1ccc(CC(=O)O)cc1,CNOC,C
Cn1cc(C(=O)O)c(C(F)F)n1,CNOC,A
O=C(O)Cc1ccc(Cl)c(Cl)c1,CNOC,C
O=C(O)c1ccc2c(c1)OC(F)(F)O2,CNOC,B
O=C(O)c1c(F)c(F)c(F)c(F)c1F,CNOC,B
O=C(O)c1cc(Cl)cc(Cl)n1,Cc1ccc(-c2cc(C(F)(F)F)nn2-c2ccc(S(N)(=O)=O)cc2)cc1,A
O=C(O)c1ccnc(C(F)(F)F)c1,Cc1ccc([N+](=O)[O-])cc1S(N)(=O)=O,A
O=C(O)COc1ccccc1,COC(=O)c1cc(S(N)(=O)=O)ccc1OC,C
Cc1cc(C)c(C(=O)O)c(C)c1,COC(=O)c1cc(S(N)(=O)=O)ccc1OC,B
Cc1ccc2cc(C(=O)O)ccc2n1,COC(=O)c1cc(S(N)(=O)=O)ccc1OC,A
COc1ccc(CC(=O)O)cc1,COC(=O)c1cc(S(N)(=O)=O)ccc1OC,C
Cc1ccc(F)cc1C(=O)O,COC(=O)c1cc(S(N)(=O)=O)ccc1OC,B
O=C(O)c1ccnc(C(F)(F)F)c1,COC(=O)c1cc(S(N)(=O)=O)ccc1OC,A
COc1ccc(C(=O)O)cc1,COC(=O)c1cc(S(N)(=O)=O)ccc1OC,B
CC(C(=O)O)c1ccc(CBr)cc1,COC(=O)c1cc(S(N)(=O)=O)ccc1OC,C
Cc1cc(C)c(C(=O)O)c(C)c1,COc1ccc(S(N)(=O)=O)cc1,B
O=C(O)Cc1ccc2c(c1)OCO2,COc1ccc(S(N)(=O)=O)cc1,C
Cc1ccc2cc(C(=O)O)ccc2n1,COc1ccc(S(N)(=O)=O)cc1,A
COc1ccc(CC(=O)O)cc1,COc1ccc(S(N)(=O)=O)cc1,C
O=C(O)c1ccnc(C(F)(F)F)c1,COc1ccc(S(N)(=O)=O)cc1,A
CC(C)Cc1ccc([C@H](C)C(=O)O)cc1,COc1ccc(S(N)(=O)=O)cc1,C
O=C(O)Cc1ccc2c(c1)C(=O)c1ccccc1CO2,COc1ccc(S(N)(=O)=O)cc1,C
O=C(O)COc1ccccc1,Cc1ccccc1N,C
COc1ccc(CC(=O)O)cc1,Cc1ccccc1N,C
Cc1ccc2cc(C(=O)O)ccc2n1,Cc1ccccc1N,A
COc1cc(C(=O)O)cc(OC)c1OC,Cc1ccccc1N,B
O=C(O)Cc1ccc2c(c1)OCO2,Cc1ccccc1N,C
O=C(O)C1c2ccccc2Oc2ccccc21,Cc1ccccc1N,C
COc1ncc(Br)cc1C(=O)O,Cc1ccccc1N,A
O=C(O)c1ccc2nccnc2c1,Cc1ccccc1N,A
COc1cc(C(=O)O)cc(OC)c1OC,Cc1ccc(N)c(C)c1,B
O=C(O)C1c2ccccc2Oc2ccccc21,Cc1ccc(N)c(C)c1,C
Cc1cc(C(=O)O)cc(Cl)n1,Cc1ccc(N)c(C)c1,A
COc1ncc(Br)cc1C(=O)O,Cc1ccc(N)c(C)c1,A
O=C(O)c1ccc2nccnc2c1,Cc1ccc(N)c(C)c1,A
Cc1ccc(C(=O)O)cc1,Cc1ccc(N)c(C)c1,B
Cc1ccc(CC(=O)O)cc1,Cc1cccc(N)c1C,C
O=C(O)COc1ccccc1,Cc1cccc(N)c1C,C
COc1ccc(CC(=O)O)cc1,Cc1cccc(N)c1C,C
Cc1ccc2cc(C(=O)O)ccc2n1,Cc1cccc(N)c1C,A
O=C(O)c1ccc2nccnc2c1,Cc1cccc(N)c1C,A
O=C(O)c1ccco1,Cc1cccc(N)c1C,A
Cc1c(C(=O)O)oc2ccccc12,Cc1cccc(N)c1C,A
Cc1ccc(C(=O)O)c2ccccc12,Cc1cccc(N)c1C,B
C[C@H](NC(=O)OCc1ccccc1)C(=O)O,Cc1cccc(N)c1C,C
Cc1ccc(CC(=O)O)cc1,NCc1ccco1,C
CC(C(=O)O)c1ccc(CC2CCCC2=O)cc1,NCc1ccco1,C
Cc1ccc(CC(=O)O)cc1,CSc1ccc(N)cc1,C
O=C(O)Cc1cc(F)cc(F)c1,CSc1ccc(N)cc1,C
O=C(O)c1ccc(C(F)(F)F)cn1,CSc1ccc(N)cc1,A
O=C(O)C(c1ccccc1)c1ccccc1,CSc1ccc(N)cc1,C
O=C(O)Cc1ccc2c(c1)OCO2,CSc1ccc(N)cc1,C
O=C(O)C1c2ccccc2Oc2ccccc21,CSc1ccc(N)cc1,C
O=C(O)Cc1ccc([N+](=O)[O-])cc1,CSc1ccc(N)cc1,C
Cc1ccc(F)cc1C(=O)O,CSc1ccc(N)cc1,B
O=C(O)c1cccc(-c2ccccc2)c1,CSc1ccc(N)cc1,B
Cc1cc(C(=O)O)cc(Cl)n1,CSc1ccc(N)cc1,A
Cc1ccc2cc(C(=O)O)ccc2n1,Nc1ccc(Cl)cn1,A
COc1ncc(Br)cc1C(=O)O,Nc1ccc(Cl)cn1,A
O=C(O)Cc1ccc([N+](=O)[O-])cc1,Nc1ccc(Cl)cn1,C
O=C(O)Cc1ccc2c(c1)OCO2,NCc1ccc(F)cc1F,C
